Workbook

Sheet XLOOKUP
A1: XLOOKUP Explained
A3: Project Team
A4: Name | B4: Yearly Salary | C4: Division | D4: Current Division | E4: Bonus
A5: Kim West | B5: 60200 | C5: {=_xlfn.XLOOKUP(A5,MD!$D$5:$D$37,MD!$B$5:$B$37)} -> Utility | D5: {=_xlfn.XLOOKUP(A5,MD!$D$5:$D$37,MD!$B$5:$B$37,,-1)} -> Game | E5: {=_xlfn.XLOOKUP(B5,MD!$G$5:$G$9,MD!$H$5:$H$9,-1)} -> 0.1
A6: James Willard | B6: 39627 | C6: {=_xlfn.XLOOKUP(A6,MD!$D$5:$D$37,MD!$B$5:$B$37)} -> Productivity | D6: {=_xlfn.XLOOKUP(A6,MD!$D$5:$D$37,MD!$B$5:$B$37,,-1)} -> Productivity | E6: {=_xlfn.XLOOKUP(B6,MD!$G$5:$G$9,MD!$H$5:$H$9,-1)} -> 0.05
A7: Richard Elliot | B7: 29727 | C7: {=_xlfn.XLOOKUP(A7,MD!$D$5:$D$37,MD!$B$5:$B$37)} -> Productivity | D7: {=_xlfn.XLOOKUP(A7,MD!$D$5:$D$37,MD!$B$5:$B$37,,-1)} -> Productivity | E7: {=_xlfn.XLOOKUP(B7,MD!$G$5:$G$9,MD!$H$5:$H$9,-1)} -> 0
A8: Stevie Bridge | B8: 93668 | C8: {=_xlfn.XLOOKUP(A8,MD!$D$5:$D$37,MD!$B$5:$B$37)} -> Game | D8: {=_xlfn.XLOOKUP(A8,MD!$D$5:$D$37,MD!$B$5:$B$37,,-1)} -> Utility | E8: {=_xlfn.XLOOKUP(B8,MD!$G$5:$G$9,MD!$H$5:$H$9,-1)} -> 0.1
A9: Roger Mun | B9: 134000 | C9: {=_xlfn.XLOOKUP(A9,MD!$D$5:$D$37,MD!$B$5:$B$37)} -> Productivity | D9: {=_xlfn.XLOOKUP(A9,MD!$D$5:$D$37,MD!$B$5:$B$37,,-1)} -> Productivity | E9: {=_xlfn.XLOOKUP(B9,MD!$G$5:$G$9,MD!$H$5:$H$9,-1)} -> 0.15
A10: Paul Garza | B10: 34808 | C10: {=_xlfn.XLOOKUP(A10,MD!$D$5:$D$37,MD!$B$5:$B$37)} -> Productivity | D10: {=_xlfn.XLOOKUP(A10,MD!$D$5:$D$37,MD!$B$5:$B$37,,-1)} -> Productivity | E10: {=_xlfn.XLOOKUP(B10,MD!$G$5:$G$9,MD!$H$5:$H$9,-1)} -> 0.05
A11: Robert Marquez | B11: 134468 | C11: {=_xlfn.XLOOKUP(A11,MD!$D$5:$D$37,MD!$B$5:$B$37)} -> Productivity | D11: {=_xlfn.XLOOKUP(A11,MD!$D$5:$D$37,MD!$B$5:$B$37,,-1)} -> Productivity | E11: {=_xlfn.XLOOKUP(B11,MD!$G$5:$G$9,MD!$H$5:$H$9,-1)} -> 0.15
A12: Natalie Porter | B12: 45000 | C12: {=_xlfn.XLOOKUP(A12,MD!$D$5:$D$37,MD!$B$5:$B$37)} -> Productivity | D12: {=_xlfn.XLOOKUP(A12,MD!$D$5:$D$37,MD!$B$5:$B$37,,-1)} -> Productivity | E12: {=_xlfn.XLOOKUP(B12,MD!$G$5:$G$9,MD!$H$5:$H$9,-1)} -> 0.05

Sheet MD
A1: Master data for employees
G2: Bonus Scheme
A4: Start Date | B4: Division | C4: Department | D4: Name | G4: Salary | H4: Bonus
A5: 36647 | B5: Game | C5: Sales | D5: Peter Ramsy | G5: 60000 | H5: 0.1
A6: 37135 | B6: Productivity | C6: Procurement | D6: Ann Withers | G6: 50000 | H6: 0.08
A7: 37438 | B7: Game | C7: Sales | D7: Wolfgang Ramjac | G7: 100000 | H7: 0.15
A8: 38200 | B8: Productivity | C8: Finance | D8: Daniel Garrett | G8: 30000 | H8: 0.05
A9: 38353 | B9: Productivity | C9: Sales | D9: Robert Spear | G9: 10000 | H9: 0
A10: 38353 | B10: Productivity | C10: Sales | D10: Paul Garza
A11: 38812 | B11: Game | C11: Finance | D11: Paul Hill
A12: 38961 | B12: Utility | C12: Finance | D12: Gary Miller
A13: 38961 | B13: Game | C13: Sales | D13: Ewan Thompson
A14: 39814 | B14: Productivity | C14: Finance | D14: Richard Elliot
A15: 39814 | B15: Utility | C15: Finance | D15: Daniela Schreiber
A16: 39814 | B16: Utility | C16: Sales | D16: Brigitte Bond
A17: 39828 | B17: Utility | C17: Sales | D17: Walter Miller
A18: 40148 | B18: Productivity | C18: Sales | D18: James Willard
A19: 40374 | B19: Game | C19: Procurement | D19: Corinna Schmidt
A20: 40787 | B20: Productivity | C20: Finance | D20: Roger Mun
A21: 40817 | B21: Game | C21: Sales | D21: Stevie Bridge
... A37: 43497 | B37: Utility | C37: Finance | D37: Dan Ziegler
